userUUID,audienceUUID
user-6,audience-0
user-8,audience-0
user-14,audience-0
user-24,audience-0
user-27,audience-0
user-28,audience-0
user-31,audience-0
user-34,audience-0
user-35,audience-0
user-46,audience-0
user-47,audience-0
user-49,audience-0
user-50,audience-0
user-60,audience-0
user-61,audience-0
user-65,audience-0
user-66,audience-0
user-70,audience-0
user-73,audience-0
user-79,audience-0
user-80,audience-0
user-87,audience-0
user-92,audience-0
user-93,audience-0
user-99,audience-0
user-115,audience-1
user-119,audience-1
user-124,audience-1
user-125,audience-1
user-127,audience-1
user-130,audience-1
user-137,audience-1
user-139,audience-1
user-140,audience-1
user-143,audience-1
user-144,audience-1
user-145,audience-1
user-151,audience-1
user-163,audience-1
user-165,audience-1
user-169,audience-1
user-170,audience-1
user-173,audience-1
user-174,audience-1
user-175,audience-1
user-177,audience-1
user-181,audience-1
user-183,audience-1
user-184,audience-1
user-188,audience-1
user-192,audience-1
user-193,audience-1
user-197,audience-1
user-199,audience-1
user-203,audience-2
user-206,audience-2
user-209,audience-2
user-219,audience-2
user-232,audience-2
user-241,audience-2
user-242,audience-2
user-244,audience-2
user-249,audience-2
user-263,audience-2
user-266,audience-2
user-267,audience-2
user-273,audience-2
user-274,audience-2
user-275,audience-2
user-278,audience-2
user-289,audience-2
user-290,audience-2
user-294,audience-2
user-297,audience-2
user-300,audience-3
user-305,audience-3
user-306,audience-3
user-311,audience-3
user-314,audience-3
user-315,audience-3
user-318,audience-3
user-325,audience-3
user-331,audience-3
user-336,audience-3
user-339,audience-3
user-340,audience-3
user-341,audience-3
user-342,audience-3
user-343,audience-3
user-347,audience-3
user-348,audience-3
user-351,audience-3
user-356,audience-3
user-368,audience-3
user-373,audience-3
user-382,audience-3
user-385,audience-3
user-396,audience-3
user-400,audience-4
user-404,audience-4
user-406,audience-4
user-407,audience-4
user-411,audience-4
user-414,audience-4
user-415,audience-4
user-419,audience-4
user-425,audience-4
user-426,audience-4
user-433,audience-4
user-439,audience-4
user-441,audience-4
user-446,audience-4
user-447,audience-4
user-451,audience-4
user-455,audience-4
user-460,audience-4
user-463,audience-4
user-468,audience-4
user-470,audience-4
user-473,audience-4
user-481,audience-4
user-484,audience-4
user-485,audience-4
user-493,audience-4
user-495,audience-4
user-496,audience-4
user-498,audience-4
user-500,audience-5
user-506,audience-5
user-508,audience-5
user-512,audience-5
user-518,audience-5
user-522,audience-5
user-529,audience-5
user-530,audience-5
user-534,audience-5
user-539,audience-5
user-545,audience-5
user-547,audience-5
user-549,audience-5
user-552,audience-5
user-553,audience-5
user-555,audience-5
user-556,audience-5
user-561,audience-5
user-563,audience-5
user-565,audience-5
user-573,audience-5
user-575,audience-5
user-584,audience-5
user-588,audience-5
user-599,audience-5
user-603,audience-6
user-605,audience-6
user-608,audience-6
user-609,audience-6
user-610,audience-6
user-611,audience-6
user-614,audience-6
user-616,audience-6
user-617,audience-6
user-618,audience-6
user-619,audience-6
user-620,audience-6
user-630,audience-6
user-632,audience-6
user-633,audience-6
user-635,audience-6
user-639,audience-6
user-642,audience-6
user-643,audience-6
user-645,audience-6
user-646,audience-6
user-650,audience-6
user-653,audience-6
user-657,audience-6
user-658,audience-6
user-660,audience-6
user-663,audience-6
user-667,audience-6
user-671,audience-6
user-678,audience-6
user-679,audience-6
user-680,audience-6
user-681,audience-6
user-683,audience-6
user-685,audience-6
user-694,audience-6
user-696,audience-6
user-712,audience-7
user-719,audience-7
user-722,audience-7
user-734,audience-7
user-735,audience-7
user-741,audience-7
user-745,audience-7
user-746,audience-7
user-750,audience-7
user-751,audience-7
user-754,audience-7
user-756,audience-7
user-758,audience-7
user-759,audience-7
user-762,audience-7
user-767,audience-7
user-772,audience-7
user-780,audience-7
user-786,audience-7
user-788,audience-7
user-793,audience-7
user-797,audience-7
user-799,audience-7
user-800,audience-8
user-809,audience-8
user-814,audience-8
user-821,audience-8
user-828,audience-8
user-832,audience-8
user-837,audience-8
user-839,audience-8
user-840,audience-8
user-847,audience-8
user-848,audience-8
user-850,audience-8
user-856,audience-8
user-858,audience-8
user-860,audience-8
user-861,audience-8
user-862,audience-8
user-868,audience-8
user-872,audience-8
user-878,audience-8
user-888,audience-8
user-895,audience-8
user-899,audience-8
user-901,audience-9
user-902,audience-9
user-903,audience-9
user-904,audience-9
user-905,audience-9
user-908,audience-9
user-911,audience-9
user-912,audience-9
user-924,audience-9
user-925,audience-9
user-926,audience-9
user-933,audience-9
user-934,audience-9
user-942,audience-9
user-950,audience-9
user-959,audience-9
user-961,audience-9
user-962,audience-9
user-969,audience-9
user-976,audience-9
user-978,audience-9
user-986,audience-9
user-988,audience-9
user-989,audience-9
user-998,audience-9
user-1002,audience-10
user-1010,audience-10
user-1015,audience-10
user-1018,audience-10
user-1020,audience-10
user-1023,audience-10
user-1028,audience-10
user-1031,audience-10
user-1037,audience-10
user-1043,audience-10
user-1044,audience-10
user-1049,audience-10
user-1051,audience-10
user-1052,audience-10
user-1057,audience-10
user-1059,audience-10
user-1060,audience-10
user-1064,audience-10
user-1065,audience-10
user-1077,audience-10
user-1084,audience-10
user-1085,audience-10
user-1092,audience-10
user-1093,audience-10
user-1106,audience-11
user-1109,audience-11
user-1116,audience-11
user-1130,audience-11
user-1141,audience-11
user-1144,audience-11
user-1156,audience-11
user-1165,audience-11
user-1169,audience-11
user-1179,audience-11
user-1180,audience-11
user-1183,audience-11
user-1184,audience-11
user-1185,audience-11
user-1186,audience-11
user-1190,audience-11
user-1191,audience-11
user-1195,audience-11
user-1210,audience-12
user-1221,audience-12
user-1222,audience-12
user-1231,audience-12
user-1236,audience-12
user-1246,audience-12
user-1251,audience-12
user-1254,audience-12
user-1255,audience-12
user-1256,audience-12
user-1263,audience-12
user-1267,audience-12
user-1271,audience-12
user-1279,audience-12
user-1282,audience-12
user-1283,audience-12
user-1290,audience-12
user-1295,audience-12
user-1300,audience-13
user-1304,audience-13
user-1324,audience-13
user-1329,audience-13
user-1330,audience-13
user-1332,audience-13
user-1335,audience-13
user-1341,audience-13
user-1344,audience-13
user-1345,audience-13
user-1347,audience-13
user-1359,audience-13
user-1370,audience-13
user-1374,audience-13
user-1379,audience-13
user-1382,audience-13
user-1385,audience-13
user-1391,audience-13
user-1395,audience-13
user-1396,audience-13
user-1422,audience-14
user-1424,audience-14
user-1436,audience-14
user-1440,audience-14
user-1443,audience-14
user-1445,audience-14
user-1459,audience-14
user-1462,audience-14
user-1473,audience-14
user-1474,audience-14
user-1477,audience-14
user-1481,audience-14
user-1483,audience-14
user-1484,audience-14
user-1488,audience-14
user-1495,audience-14
user-1501,audience-15
user-1502,audience-15
user-1507,audience-15
user-1508,audience-15
user-1510,audience-15
user-1527,audience-15
user-1534,audience-15
user-1535,audience-15
user-1537,audience-15
user-1549,audience-15
user-1554,audience-15
user-1555,audience-15
user-1558,audience-15
user-1563,audience-15
user-1564,audience-15
user-1567,audience-15
user-1569,audience-15
user-1576,audience-15
user-1577,audience-15
user-1585,audience-15
user-1586,audience-15
user-1593,audience-15
user-1594,audience-15
user-1605,audience-16
user-1611,audience-16
user-1613,audience-16
user-1615,audience-16
user-1620,audience-16
user-1621,audience-16
user-1624,audience-16
user-1625,audience-16
user-1629,audience-16
user-1631,audience-16
user-1638,audience-16
user-1639,audience-16
user-1640,audience-16
user-1646,audience-16
user-1651,audience-16
user-1658,audience-16
user-1662,audience-16
user-1664,audience-16
user-1665,audience-16
user-1668,audience-16
user-1670,audience-16
user-1671,audience-16
user-1672,audience-16
user-1674,audience-16
user-1677,audience-16
user-1683,audience-16
user-1688,audience-16
user-1691,audience-16
user-1692,audience-16
user-1694,audience-16
user-1696,audience-16
user-1700,audience-17
user-1701,audience-17
user-1703,audience-17
user-1705,audience-17
user-1706,audience-17
user-1714,audience-17
user-1717,audience-17
user-1722,audience-17
user-1731,audience-17
user-1740,audience-17
user-1741,audience-17
user-1742,audience-17
user-1744,audience-17
user-1751,audience-17
user-1753,audience-17
user-1756,audience-17
user-1758,audience-17
user-1760,audience-17
user-1764,audience-17
user-1766,audience-17
user-1767,audience-17
user-1768,audience-17
user-1772,audience-17
user-1774,audience-17
user-1784,audience-17
user-1786,audience-17
user-1792,audience-17
user-1796,audience-17
user-1798,audience-17
user-1802,audience-18
user-1803,audience-18
user-1804,audience-18
user-1805,audience-18
user-1807,audience-18
user-1808,audience-18
user-1810,audience-18
user-1813,audience-18
user-1814,audience-18
user-1815,audience-18
user-1817,audience-18
user-1830,audience-18
user-1834,audience-18
user-1835,audience-18
user-1840,audience-18
user-1843,audience-18
user-1853,audience-18
user-1855,audience-18
user-1858,audience-18
user-1864,audience-18
user-1869,audience-18
user-1873,audience-18
user-1875,audience-18
user-1878,audience-18
user-1884,audience-18
user-1895,audience-18
user-1897,audience-18
user-1899,audience-18
user-1901,audience-19
user-1903,audience-19
user-1904,audience-19
user-1905,audience-19
user-1907,audience-19
user-1910,audience-19
user-1932,audience-19
user-1934,audience-19
user-1939,audience-19
user-1946,audience-19
user-1947,audience-19
user-1956,audience-19
user-1959,audience-19
user-1963,audience-19
user-1964,audience-19
user-1971,audience-19
user-1978,audience-19
user-1980,audience-19
user-1981,audience-19
user-1986,audience-19
user-1994,audience-19
user-2012,audience-20
user-2013,audience-20
user-2017,audience-20
user-2018,audience-20
user-2020,audience-20
user-2022,audience-20
user-2023,audience-20
user-2033,audience-20
user-2034,audience-20
user-2038,audience-20
user-2040,audience-20
user-2041,audience-20
user-2045,audience-20
user-2048,audience-20
user-2049,audience-20
user-2051,audience-20
user-2053,audience-20
user-2060,audience-20
user-2067,audience-20
user-2071,audience-20
user-2073,audience-20
user-2076,audience-20
user-2080,audience-20
user-2082,audience-20
user-2083,audience-20
user-2085,audience-20
user-2086,audience-20
user-2088,audience-20
user-2093,audience-20
user-2094,audience-20
user-2095,audience-20
user-2097,audience-20
user-2102,audience-21
user-2103,audience-21
user-2104,audience-21
user-2108,audience-21
user-2111,audience-21
user-2120,audience-21
user-2121,audience-21
user-2123,audience-21
user-2127,audience-21
user-2133,audience-21
user-2136,audience-21
user-2137,audience-21
user-2146,audience-21
user-2152,audience-21
user-2154,audience-21
user-2156,audience-21
user-2157,audience-21
user-2162,audience-21
user-2164,audience-21
user-2166,audience-21
user-2171,audience-21
user-2172,audience-21
user-2174,audience-21
user-2183,audience-21
user-2186,audience-21
user-2187,audience-21
user-2188,audience-21
user-2190,audience-21
user-2197,audience-21
user-2198,audience-21
user-2203,audience-22
user-2209,audience-22
user-2213,audience-22
user-2219,audience-22
user-2227,audience-22
user-2228,audience-22
user-2230,audience-22
user-2232,audience-22
user-2234,audience-22
user-2236,audience-22
user-2239,audience-22
user-2240,audience-22
user-2243,audience-22
user-2247,audience-22
user-2248,audience-22
user-2253,audience-22
user-2256,audience-22
user-2257,audience-22
user-2260,audience-22
user-2266,audience-22
user-2267,audience-22
user-2271,audience-22
user-2272,audience-22
user-2277,audience-22
user-2278,audience-22
user-2280,audience-22
user-2283,audience-22
user-2293,audience-22
user-2294,audience-22
user-2300,audience-23
user-2301,audience-23
user-2322,audience-23
user-2323,audience-23
user-2330,audience-23
user-2332,audience-23
user-2335,audience-23
user-2337,audience-23
user-2339,audience-23
user-2345,audience-23
user-2351,audience-23
user-2352,audience-23
user-2354,audience-23
user-2359,audience-23
user-2360,audience-23
user-2369,audience-23
user-2370,audience-23
user-2372,audience-23
user-2375,audience-23
user-2379,audience-23
user-2382,audience-23
user-2384,audience-23
user-2389,audience-23
user-2391,audience-23
user-2396,audience-23
user-2397,audience-23
user-2403,audience-24
user-2404,audience-24
user-2410,audience-24
user-2412,audience-24
user-2419,audience-24
user-2422,audience-24
user-2425,audience-24
user-2430,audience-24
user-2431,audience-24
user-2456,audience-24
user-2464,audience-24
user-2471,audience-24
user-2476,audience-24
user-2479,audience-24
user-2481,audience-24
user-2487,audience-24
user-2502,audience-25
user-2507,audience-25
user-2509,audience-25
user-2519,audience-25
user-2521,audience-25
user-2525,audience-25
user-2528,audience-25
user-2539,audience-25
user-2540,audience-25
user-2543,audience-25
user-2544,audience-25
user-2545,audience-25
user-2555,audience-25
user-2560,audience-25
user-2563,audience-25
user-2565,audience-25
user-2571,audience-25
user-2572,audience-25
user-2573,audience-25
user-2576,audience-25
user-2577,audience-25
user-2582,audience-25
user-2586,audience-25
user-2587,audience-25
user-2592,audience-25
user-2599,audience-25
user-2602,audience-26
user-2611,audience-26
user-2623,audience-26
user-2626,audience-26
user-2628,audience-26
user-2629,audience-26
user-2636,audience-26
user-2638,audience-26
user-2639,audience-26
user-2640,audience-26
user-2647,audience-26
user-2652,audience-26
user-2654,audience-26
user-2655,audience-26
user-2658,audience-26
user-2659,audience-26
user-2661,audience-26
user-2662,audience-26
user-2667,audience-26
user-2671,audience-26
user-2687,audience-26
user-2688,audience-26
user-2691,audience-26
user-2692,audience-26
user-2696,audience-26
user-2699,audience-26
user-2703,audience-27
user-2708,audience-27
user-2710,audience-27
user-2711,audience-27
user-2715,audience-27
user-2720,audience-27
user-2721,audience-27
user-2725,audience-27
user-2726,audience-27
user-2727,audience-27
user-2731,audience-27
user-2739,audience-27
user-2744,audience-27
user-2751,audience-27
user-2758,audience-27
user-2761,audience-27
user-2767,audience-27
user-2770,audience-27
user-2786,audience-27
user-2788,audience-27
user-2796,audience-27
user-2799,audience-27
user-2800,audience-28
user-2806,audience-28
user-2828,audience-28
user-2829,audience-28
user-2835,audience-28
user-2837,audience-28
user-2843,audience-28
user-2844,audience-28
user-2847,audience-28
user-2852,audience-28
user-2855,audience-28
user-2856,audience-28
user-2858,audience-28
user-2859,audience-28
user-2860,audience-28
user-2864,audience-28
user-2866,audience-28
user-2871,audience-28
user-2873,audience-28
user-2882,audience-28
user-2887,audience-28
user-2888,audience-28
user-2892,audience-28
user-2893,audience-28
user-2895,audience-28
user-2897,audience-28
user-2900,audience-29
user-2903,audience-29
user-2904,audience-29
user-2919,audience-29
user-2926,audience-29
user-2927,audience-29
user-2931,audience-29
user-2935,audience-29
user-2939,audience-29
user-2943,audience-29
user-2951,audience-29
user-2954,audience-29
user-2959,audience-29
user-2960,audience-29
user-2968,audience-29
user-2971,audience-29
user-2973,audience-29
user-2974,audience-29
user-2976,audience-29
user-2980,audience-29
user-2984,audience-29
user-2992,audience-29
user-3002,audience-30
user-3012,audience-30
user-3015,audience-30
user-3022,audience-30
user-3023,audience-30
user-3024,audience-30
user-3033,audience-30
user-3036,audience-30
user-3043,audience-30
user-3044,audience-30
user-3047,audience-30
user-3051,audience-30
user-3053,audience-30
user-3061,audience-30
user-3065,audience-30
user-3067,audience-30
user-3068,audience-30
user-3070,audience-30
user-3073,audience-30
user-3075,audience-30
user-3076,audience-30
user-3079,audience-30
user-3083,audience-30
user-3087,audience-30
user-3088,audience-30
user-3089,audience-30
user-3092,audience-30
user-3093,audience-30
user-3097,audience-30
user-3098,audience-30
user-3099,audience-30
user-3102,audience-31
user-3106,audience-31
user-3111,audience-31
user-3113,audience-31
user-3114,audience-31
user-3117,audience-31
user-3118,audience-31
user-3124,audience-31
user-3128,audience-31
user-3130,audience-31
user-3131,audience-31
user-3133,audience-31
user-3138,audience-31
user-3142,audience-31
user-3143,audience-31
user-3145,audience-31
user-3146,audience-31
user-3150,audience-31
user-3153,audience-31
user-3155,audience-31
user-3156,audience-31
user-3157,audience-31
user-3165,audience-31
user-3175,audience-31
user-3180,audience-31
user-3182,audience-31
user-3184,audience-31
user-3185,audience-31
user-3188,audience-31
user-3193,audience-31
user-3200,audience-32
user-3201,audience-32
user-3206,audience-32
user-3207,audience-32
user-3210,audience-32
user-3214,audience-32
user-3215,audience-32
user-3220,audience-32
user-3222,audience-32
user-3227,audience-32
user-3232,audience-32
user-3234,audience-32
user-3235,audience-32
user-3237,audience-32
user-3238,audience-32
user-3240,audience-32
user-3241,audience-32
user-3255,audience-32
user-3257,audience-32
user-3259,audience-32
user-3260,audience-32
user-3266,audience-32
user-3267,audience-32
user-3269,audience-32
user-3278,audience-32
user-3280,audience-32
user-3284,audience-32
user-3293,audience-32
user-3303,audience-33
user-3305,audience-33
user-3306,audience-33
user-3307,audience-33
user-3308,audience-33
user-3309,audience-33
user-3313,audience-33
user-3317,audience-33
user-3320,audience-33
user-3323,audience-33
user-3330,audience-33
user-3335,audience-33
user-3338,audience-33
user-3341,audience-33
user-3342,audience-33
user-3348,audience-33
user-3352,audience-33
user-3356,audience-33
user-3360,audience-33
user-3361,audience-33
user-3362,audience-33
user-3363,audience-33
user-3364,audience-33
user-3367,audience-33
user-3370,audience-33
user-3371,audience-33
user-3378,audience-33
user-3395,audience-33
user-3397,audience-33
user-3399,audience-33
user-3400,audience-34
user-3409,audience-34
user-3411,audience-34
user-3414,audience-34
user-3416,audience-34
user-3420,audience-34
user-3421,audience-34
user-3423,audience-34
user-3429,audience-34
user-3432,audience-34
user-3435,audience-34
user-3437,audience-34
user-3438,audience-34
user-3440,audience-34
user-3441,audience-34
user-3444,audience-34
user-3452,audience-34
user-3453,audience-34
user-3458,audience-34
user-3467,audience-34
user-3468,audience-34
user-3475,audience-34
user-3476,audience-34
user-3482,audience-34
user-3485,audience-34
user-3488,audience-34
user-3496,audience-34
user-3502,audience-35
user-3504,audience-35
user-3510,audience-35
user-3513,audience-35
user-3514,audience-35
user-3517,audience-35
user-3522,audience-35
user-3524,audience-35
user-3531,audience-35
user-3533,audience-35
user-3536,audience-35
user-3547,audience-35
user-3548,audience-35
user-3568,audience-35
user-3570,audience-35
user-3578,audience-35
user-3582,audience-35
user-3587,audience-35
user-3594,audience-35
user-3597,audience-35
user-3605,audience-36
user-3606,audience-36
user-3607,audience-36
user-3608,audience-36
user-3615,audience-36
user-3622,audience-36
user-3624,audience-36
user-3638,audience-36
user-3639,audience-36
user-3652,audience-36
user-3653,audience-36
user-3656,audience-36
user-3659,audience-36
user-3673,audience-36
user-3679,audience-36
user-3683,audience-36
user-3690,audience-36
user-3700,audience-37
user-3702,audience-37
user-3703,audience-37
user-3713,audience-37
user-3714,audience-37
user-3718,audience-37
user-3739,audience-37
user-3742,audience-37
user-3744,audience-37
user-3751,audience-37
user-3752,audience-37
user-3761,audience-37
user-3765,audience-37
user-3766,audience-37
user-3773,audience-37
user-3780,audience-37
user-3786,audience-37
user-3789,audience-37
user-3793,audience-37
user-3798,audience-37
user-3801,audience-38
user-3811,audience-38
user-3817,audience-38
user-3819,audience-38
user-3820,audience-38
user-3826,audience-38
user-3828,audience-38
user-3846,audience-38
user-3848,audience-38
user-3850,audience-38
user-3851,audience-38
user-3852,audience-38
user-3860,audience-38
user-3862,audience-38
user-3864,audience-38
user-3866,audience-38
user-3869,audience-38
user-3870,audience-38
user-3871,audience-38
user-3873,audience-38
user-3875,audience-38
user-3878,audience-38
user-3886,audience-38
user-3887,audience-38
user-3890,audience-38
user-3895,audience-38
user-3896,audience-38
user-3900,audience-39
user-3905,audience-39
user-3911,audience-39
user-3912,audience-39
user-3913,audience-39
user-3918,audience-39
user-3919,audience-39
user-3922,audience-39
user-3926,audience-39
user-3930,audience-39
user-3934,audience-39
user-3938,audience-39
user-3945,audience-39
user-3947,audience-39
user-3952,audience-39
user-3963,audience-39
user-3966,audience-39
user-3970,audience-39
user-3971,audience-39
user-3976,audience-39
user-3978,audience-39
user-3982,audience-39
user-3986,audience-39
user-3987,audience-39
user-3989,audience-39
user-3992,audience-39
user-3993,audience-39
user-4002,audience-40
user-4006,audience-40
user-4008,audience-40
user-4012,audience-40
user-4016,audience-40
user-4021,audience-40
user-4025,audience-40
user-4033,audience-40
user-4036,audience-40
user-4038,audience-40
user-4041,audience-40
user-4049,audience-40
user-4054,audience-40
user-4057,audience-40
user-4062,audience-40
user-4065,audience-40
user-4069,audience-40
user-4070,audience-40
user-4071,audience-40
user-4073,audience-40
user-4074,audience-40
user-4076,audience-40
user-4077,audience-40
user-4084,audience-40
user-4099,audience-40
user-4101,audience-41
user-4105,audience-41
user-4108,audience-41
user-4114,audience-41
user-4116,audience-41
user-4117,audience-41
user-4118,audience-41
user-4137,audience-41
user-4143,audience-41
user-4149,audience-41
user-4157,audience-41
user-4158,audience-41
user-4159,audience-41
user-4161,audience-41
user-4162,audience-41
user-4169,audience-41
user-4170,audience-41
user-4171,audience-41
user-4172,audience-41
user-4175,audience-41
user-4179,audience-41
user-4185,audience-41
user-4187,audience-41
user-4192,audience-41
user-4193,audience-41
user-4195,audience-41
user-4196,audience-41
user-4203,audience-42
user-4209,audience-42
user-4211,audience-42
user-4214,audience-42
user-4216,audience-42
user-4225,audience-42
user-4227,audience-42
user-4233,audience-42
user-4237,audience-42
user-4242,audience-42
user-4248,audience-42
user-4252,audience-42
user-4253,audience-42
user-4255,audience-42
user-4262,audience-42
user-4265,audience-42
user-4266,audience-42
user-4276,audience-42
user-4285,audience-42
user-4286,audience-42
user-4291,audience-42
user-4292,audience-42
user-4294,audience-42
user-4300,audience-43
user-4301,audience-43
user-4303,audience-43
user-4307,audience-43
user-4311,audience-43
user-4313,audience-43
user-4318,audience-43
user-4320,audience-43
user-4327,audience-43
user-4336,audience-43
user-4342,audience-43
user-4343,audience-43
user-4345,audience-43
user-4354,audience-43
user-4360,audience-43
user-4363,audience-43
user-4371,audience-43
user-4379,audience-43
user-4383,audience-43
user-4384,audience-43
user-4391,audience-43
user-4392,audience-43
user-4397,audience-43
user-4398,audience-43
user-4399,audience-43
user-4404,audience-44
user-4406,audience-44
user-4411,audience-44
user-4412,audience-44
user-4414,audience-44
user-4415,audience-44
user-4433,audience-44
user-4437,audience-44
user-4442,audience-44
user-4444,audience-44
user-4447,audience-44
user-4452,audience-44
user-4455,audience-44
user-4463,audience-44
user-4469,audience-44
user-4472,audience-44
user-4475,audience-44
user-4477,audience-44
user-4478,audience-44
user-4484,audience-44
user-4490,audience-44
user-4492,audience-44
user-4495,audience-44
user-4502,audience-45
user-4503,audience-45
user-4515,audience-45
user-4517,audience-45
user-4528,audience-45
user-4534,audience-45
user-4537,audience-45
user-4542,audience-45
user-4543,audience-45
user-4544,audience-45
user-4545,audience-45
user-4550,audience-45
user-4551,audience-45
user-4553,audience-45
user-4558,audience-45
user-4559,audience-45
user-4561,audience-45
user-4563,audience-45
user-4567,audience-45
user-4577,audience-45
user-4578,audience-45
user-4582,audience-45
user-4583,audience-45
user-4584,audience-45
user-4585,audience-45
user-4588,audience-45
user-4605,audience-46
user-4606,audience-46
user-4608,audience-46
user-4609,audience-46
user-4610,audience-46
user-4612,audience-46
user-4616,audience-46
user-4619,audience-46
user-4621,audience-46
user-4624,audience-46
user-4626,audience-46
user-4627,audience-46
user-4628,audience-46
user-4631,audience-46
user-4633,audience-46
user-4641,audience-46
user-4643,audience-46
user-4660,audience-46
user-4661,audience-46
user-4666,audience-46
user-4669,audience-46
user-4678,audience-46
user-4680,audience-46
user-4682,audience-46
user-4687,audience-46
user-4691,audience-46
user-4693,audience-46
user-4694,audience-46
user-4697,audience-46
user-4704,audience-47
user-4707,audience-47
user-4718,audience-47
user-4720,audience-47
user-4724,audience-47
user-4727,audience-47
user-4731,audience-47
user-4733,audience-47
user-4738,audience-47
user-4743,audience-47
user-4746,audience-47
user-4750,audience-47
user-4756,audience-47
user-4758,audience-47
user-4760,audience-47
user-4763,audience-47
user-4766,audience-47
user-4767,audience-47
user-4775,audience-47
user-4780,audience-47
user-4782,audience-47
user-4783,audience-47
user-4795,audience-47
user-4800,audience-48
user-4811,audience-48
user-4815,audience-48
user-4816,audience-48
user-4822,audience-48
user-4824,audience-48
user-4825,audience-48
user-4829,audience-48
user-4833,audience-48
user-4838,audience-48
user-4839,audience-48
user-4840,audience-48
user-4844,audience-48
user-4845,audience-48
user-4850,audience-48
user-4855,audience-48
user-4857,audience-48
user-4865,audience-48
user-4867,audience-48
user-4870,audience-48
user-4872,audience-48
user-4873,audience-48
user-4879,audience-48
user-4880,audience-48
user-4885,audience-48
user-4888,audience-48
user-4892,audience-48
user-4901,audience-49
user-4904,audience-49
user-4906,audience-49
user-4911,audience-49
user-4912,audience-49
user-4916,audience-49
user-4918,audience-49
user-4919,audience-49
user-4921,audience-49
user-4922,audience-49
user-4936,audience-49
user-4938,audience-49
user-4944,audience-49
user-4947,audience-49
user-4950,audience-49
user-4951,audience-49
user-4959,audience-49
user-4962,audience-49
user-4964,audience-49
user-4966,audience-49
user-4967,audience-49
user-4968,audience-49
user-4969,audience-49
user-4978,audience-49
user-4981,audience-49
user-4986,audience-49
user-4990,audience-49
user-4992,audience-49
user-4994,audience-49
user-5003,audience-50
user-5012,audience-50
user-5014,audience-50
user-5015,audience-50
user-5019,audience-50
user-5020,audience-50
user-5029,audience-50
user-5030,audience-50
user-5035,audience-50
user-5036,audience-50
user-5038,audience-50
user-5043,audience-50
user-5044,audience-50
user-5049,audience-50
user-5053,audience-50
user-5054,audience-50
user-5058,audience-50
user-5061,audience-50
user-5063,audience-50
user-5064,audience-50
user-5066,audience-50
user-5069,audience-50
user-5072,audience-50
user-5074,audience-50
user-5086,audience-50
user-5090,audience-50
user-5093,audience-50
user-5102,audience-51
user-5110,audience-51
user-5116,audience-51
user-5117,audience-51
user-5119,audience-51
user-5134,audience-51
user-5141,audience-51
user-5148,audience-51
user-5151,audience-51
user-5152,audience-51
user-5155,audience-51
user-5159,audience-51
user-5170,audience-51
user-5173,audience-51
user-5176,audience-51
user-5183,audience-51
user-5185,audience-51
user-5188,audience-51
user-5193,audience-51
user-5194,audience-51
user-5195,audience-51
user-5198,audience-51
user-5204,audience-52
user-5210,audience-52
user-5211,audience-52
user-5212,audience-52
user-5214,audience-52
user-5216,audience-52
user-5221,audience-52
user-5224,audience-52
user-5229,audience-52
user-5232,audience-52
user-5238,audience-52
user-5249,audience-52
user-5255,audience-52
user-5260,audience-52
user-5261,audience-52
user-5263,audience-52
user-5266,audience-52
user-5268,audience-52
user-5269,audience-52
user-5273,audience-52
user-5275,audience-52
user-5277,audience-52
user-5281,audience-52
user-5283,audience-52
user-5292,audience-52
user-5294,audience-52
user-5295,audience-52
user-5302,audience-53
user-5303,audience-53
user-5307,audience-53
user-5308,audience-53
user-5313,audience-53
user-5317,audience-53
user-5321,audience-53
user-5328,audience-53
user-5330,audience-53
user-5338,audience-53
user-5341,audience-53
user-5343,audience-53
user-5350,audience-53
user-5352,audience-53
user-5353,audience-53
user-5356,audience-53
user-5365,audience-53
user-5373,audience-53
user-5379,audience-53
user-5382,audience-53
user-5387,audience-53
user-5390,audience-53
user-5395,audience-53
user-5399,audience-53
user-5400,audience-54
user-5403,audience-54
user-5405,audience-54
user-5408,audience-54
user-5412,audience-54
user-5416,audience-54
user-5418,audience-54
user-5419,audience-54
user-5425,audience-54
user-5431,audience-54
user-5436,audience-54
user-5448,audience-54
user-5455,audience-54
user-5456,audience-54
user-5458,audience-54
user-5462,audience-54
user-5465,audience-54
user-5473,audience-54
user-5477,audience-54
user-5478,audience-54
user-5479,audience-54
user-5480,audience-54
user-5484,audience-54
user-5487,audience-54
user-5488,audience-54
user-5499,audience-54
user-5515,audience-55
user-5520,audience-55
user-5527,audience-55
user-5541,audience-55
user-5545,audience-55
user-5548,audience-55
user-5551,audience-55
user-5552,audience-55
user-5557,audience-55
user-5558,audience-55
user-5564,audience-55
user-5565,audience-55
user-5568,audience-55
user-5572,audience-55
user-5578,audience-55
user-5581,audience-55
user-5583,audience-55
user-5588,audience-55
user-5589,audience-55
user-5600,audience-56
user-5601,audience-56
user-5609,audience-56
user-5610,audience-56
user-5626,audience-56
user-5628,audience-56
user-5631,audience-56
user-5633,audience-56
user-5635,audience-56
user-5637,audience-56
user-5647,audience-56
user-5653,audience-56
user-5656,audience-56
user-5657,audience-56
user-5658,audience-56
user-5664,audience-56
user-5665,audience-56
user-5666,audience-56
user-5671,audience-56
user-5672,audience-56
user-5673,audience-56
user-5683,audience-56
user-5686,audience-56
user-5687,audience-56
user-5690,audience-56
user-5691,audience-56
user-5692,audience-56
user-5693,audience-56
user-5695,audience-56
user-5701,audience-57
user-5706,audience-57
user-5713,audience-57
user-5716,audience-57
user-5717,audience-57
user-5721,audience-57
user-5726,audience-57
user-5732,audience-57
user-5734,audience-57
user-5737,audience-57
user-5742,audience-57
user-5743,audience-57
user-5750,audience-57
user-5754,audience-57
user-5775,audience-57
user-5778,audience-57
user-5781,audience-57
user-5783,audience-57
user-5794,audience-57
user-5798,audience-57
user-5800,audience-58
user-5806,audience-58
user-5809,audience-58
user-5815,audience-58
user-5816,audience-58
user-5817,audience-58
user-5819,audience-58
user-5820,audience-58
user-5822,audience-58
user-5825,audience-58
user-5827,audience-58
user-5837,audience-58
user-5838,audience-58
user-5839,audience-58
user-5842,audience-58
user-5843,audience-58
user-5844,audience-58
user-5852,audience-58
user-5855,audience-58
user-5857,audience-58
user-5861,audience-58
user-5863,audience-58
user-5868,audience-58
user-5873,audience-58
user-5879,audience-58
user-5881,audience-58
user-5884,audience-58
user-5887,audience-58
user-5888,audience-58
user-5891,audience-58
user-5896,audience-58
user-5899,audience-58
user-5905,audience-59
user-5912,audience-59
user-5916,audience-59
user-5920,audience-59
user-5923,audience-59
user-5927,audience-59
user-5944,audience-59
user-5945,audience-59
user-5947,audience-59
user-5949,audience-59
user-5952,audience-59
user-5965,audience-59
user-5968,audience-59
user-5970,audience-59
user-5974,audience-59
user-5975,audience-59
user-5977,audience-59
user-5979,audience-59
user-5982,audience-59
user-5985,audience-59
user-5988,audience-59
user-6003,audience-60
user-6007,audience-60
user-6008,audience-60
user-6018,audience-60
user-6021,audience-60
user-6022,audience-60
user-6036,audience-60
user-6038,audience-60
user-6039,audience-60
user-6040,audience-60
user-6041,audience-60
user-6049,audience-60
user-6050,audience-60
user-6051,audience-60
user-6053,audience-60
user-6069,audience-60
user-6073,audience-60
user-6077,audience-60
user-6079,audience-60
user-6081,audience-60
user-6082,audience-60
user-6092,audience-60
user-6101,audience-61
user-6102,audience-61
user-6107,audience-61
user-6108,audience-61
user-6117,audience-61
user-6119,audience-61
user-6125,audience-61
user-6126,audience-61
user-6140,audience-61
user-6141,audience-61
user-6148,audience-61
user-6152,audience-61
user-6159,audience-61
user-6163,audience-61
user-6165,audience-61
user-6168,audience-61
user-6173,audience-61
user-6174,audience-61
user-6179,audience-61
user-6180,audience-61
user-6181,audience-61
user-6185,audience-61
user-6186,audience-61
user-6187,audience-61
user-6189,audience-61
user-6190,audience-61
user-6200,audience-62
user-6206,audience-62
user-6207,audience-62
user-6208,audience-62
user-6216,audience-62
user-6221,audience-62
user-6231,audience-62
user-6237,audience-62
user-6239,audience-62
user-6242,audience-62
user-6246,audience-62
user-6248,audience-62
user-6263,audience-62
user-6265,audience-62
user-6267,audience-62
user-6269,audience-62
user-6273,audience-62
user-6279,audience-62
user-6289,audience-62
user-6291,audience-62
user-6292,audience-62
user-6298,audience-62
user-6309,audience-63
user-6312,audience-63
user-6313,audience-63
user-6315,audience-63
user-6319,audience-63
user-6322,audience-63
user-6325,audience-63
user-6329,audience-63
user-6332,audience-63
user-6336,audience-63
user-6338,audience-63
user-6345,audience-63
user-6348,audience-63
user-6350,audience-63
user-6354,audience-63
user-6356,audience-63
user-6357,audience-63
user-6374,audience-63
user-6378,audience-63
user-6379,audience-63
user-6381,audience-63
user-6384,audience-63
user-6392,audience-63
user-6394,audience-63
user-6396,audience-63
user-6397,audience-63
user-6400,audience-64
user-6408,audience-64
user-6414,audience-64
user-6420,audience-64
user-6426,audience-64
user-6427,audience-64
user-6438,audience-64
user-6444,audience-64
user-6446,audience-64
user-6448,audience-64
user-6452,audience-64
user-6458,audience-64
user-6459,audience-64
user-6465,audience-64
user-6467,audience-64
user-6469,audience-64
user-6470,audience-64
user-6474,audience-64
user-6475,audience-64
user-6487,audience-64
user-6488,audience-64
user-6489,audience-64
user-6498,audience-64
user-6499,audience-64
user-6501,audience-65
user-6503,audience-65
user-6504,audience-65
user-6507,audience-65
user-6511,audience-65
user-6520,audience-65
user-6523,audience-65
user-6527,audience-65
user-6533,audience-65
user-6537,audience-65
user-6542,audience-65
user-6543,audience-65
user-6546,audience-65
user-6547,audience-65
user-6549,audience-65
user-6557,audience-65
user-6558,audience-65
user-6564,audience-65
user-6570,audience-65
user-6572,audience-65
user-6581,audience-65
user-6589,audience-65
user-6592,audience-65
user-6594,audience-65
user-6597,audience-65
user-6598,audience-65
user-6602,audience-66
user-6603,audience-66
user-6606,audience-66
user-6609,audience-66
user-6615,audience-66
user-6620,audience-66
user-6622,audience-66
user-6628,audience-66
user-6630,audience-66
user-6635,audience-66
user-6640,audience-66
user-6643,audience-66
user-6644,audience-66
user-6645,audience-66
user-6654,audience-66
user-6663,audience-66
user-6664,audience-66
user-6669,audience-66
user-6670,audience-66
user-6671,audience-66
user-6684,audience-66
user-6689,audience-66
user-6693,audience-66
user-6695,audience-66
user-6699,audience-66
user-6705,audience-67
user-6706,audience-67
user-6712,audience-67
user-6714,audience-67
user-6716,audience-67
user-6718,audience-67
user-6719,audience-67
user-6720,audience-67
user-6725,audience-67
user-6726,audience-67
user-6732,audience-67
user-6733,audience-67
user-6744,audience-67
user-6760,audience-67
user-6763,audience-67
user-6764,audience-67
user-6767,audience-67
user-6778,audience-67
user-6782,audience-67
user-6783,audience-67
user-6785,audience-67
user-6786,audience-67
user-6796,audience-67
user-6798,audience-67
user-6810,audience-68
user-6815,audience-68
user-6817,audience-68
user-6822,audience-68
user-6824,audience-68
user-6825,audience-68
user-6833,audience-68
user-6840,audience-68
user-6841,audience-68
user-6843,audience-68
user-6844,audience-68
user-6845,audience-68
user-6847,audience-68
user-6853,audience-68
user-6856,audience-68
user-6858,audience-68
user-6864,audience-68
user-6865,audience-68
user-6866,audience-68
user-6871,audience-68
user-6879,audience-68
user-6880,audience-68
user-6882,audience-68
user-6884,audience-68
user-6890,audience-68
user-6896,audience-68
user-6906,audience-69
user-6907,audience-69
user-6911,audience-69
user-6920,audience-69
user-6926,audience-69
user-6928,audience-69
user-6930,audience-69
user-6932,audience-69
user-6933,audience-69
user-6934,audience-69
user-6945,audience-69
user-6949,audience-69
user-6951,audience-69
user-6955,audience-69
user-6963,audience-69
user-6967,audience-69
user-6974,audience-69
user-6976,audience-69
user-6978,audience-69
user-6995,audience-69
user-7002,audience-70
user-7025,audience-70
user-7029,audience-70
user-7032,audience-70
user-7034,audience-70
user-7036,audience-70
user-7042,audience-70
user-7044,audience-70
user-7059,audience-70
user-7061,audience-70
user-7062,audience-70
user-7063,audience-70
user-7070,audience-70
user-7079,audience-70
user-7081,audience-70
user-7092,audience-70
user-7093,audience-70
user-7094,audience-70
user-7104,audience-71
user-7105,audience-71
user-7107,audience-71
user-7117,audience-71
user-7125,audience-71
user-7131,audience-71
user-7133,audience-71
user-7135,audience-71
user-7142,audience-71
user-7144,audience-71
user-7148,audience-71
user-7151,audience-71
user-7154,audience-71
user-7158,audience-71
user-7168,audience-71
user-7170,audience-71
user-7173,audience-71
user-7177,audience-71
user-7178,audience-71
user-7180,audience-71
user-7181,audience-71
user-7184,audience-71
user-7189,audience-71
user-7193,audience-71
user-7194,audience-71
user-7196,audience-71
user-7199,audience-71
user-7203,audience-72
user-7204,audience-72
user-7207,audience-72
user-7209,audience-72
user-7213,audience-72
user-7214,audience-72
user-7222,audience-72
user-7224,audience-72
user-7238,audience-72
user-7241,audience-72
user-7245,audience-72
user-7262,audience-72
user-7268,audience-72
user-7269,audience-72
user-7271,audience-72
user-7284,audience-72
user-7293,audience-72
user-7295,audience-72
user-7297,audience-72
user-7298,audience-72
user-7301,audience-73
user-7318,audience-73
user-7319,audience-73
user-7322,audience-73
user-7324,audience-73
user-7326,audience-73
user-7328,audience-73
user-7336,audience-73
user-7339,audience-73
user-7343,audience-73
user-7344,audience-73
user-7345,audience-73
user-7346,audience-73
user-7348,audience-73
user-7352,audience-73
user-7359,audience-73
user-7360,audience-73
user-7366,audience-73
user-7368,audience-73
user-7369,audience-73
user-7372,audience-73
user-7373,audience-73
user-7375,audience-73
user-7378,audience-73
user-7379,audience-73
user-7380,audience-73
user-7385,audience-73
user-7389,audience-73
user-7392,audience-73
user-7394,audience-73
user-7398,audience-73
user-7400,audience-74
user-7414,audience-74
user-7419,audience-74
user-7425,audience-74
user-7428,audience-74
user-7435,audience-74
user-7436,audience-74
user-7437,audience-74
user-7440,audience-74
user-7441,audience-74
user-7442,audience-74
user-7445,audience-74
user-7446,audience-74
user-7453,audience-74
user-7456,audience-74
user-7459,audience-74
user-7460,audience-74
user-7463,audience-74
user-7464,audience-74
user-7468,audience-74
user-7478,audience-74
user-7482,audience-74
user-7487,audience-74
user-7490,audience-74
user-7491,audience-74
user-7501,audience-75
user-7504,audience-75
user-7505,audience-75
user-7511,audience-75
user-7520,audience-75
user-7525,audience-75
user-7531,audience-75
user-7535,audience-75
user-7537,audience-75
user-7545,audience-75
user-7548,audience-75
user-7552,audience-75
user-7559,audience-75
user-7564,audience-75
user-7573,audience-75
user-7578,audience-75
user-7584,audience-75
user-7589,audience-75
user-7594,audience-75
user-7598,audience-75
user-7604,audience-76
user-7612,audience-76
user-7614,audience-76
user-7617,audience-76
user-7618,audience-76
user-7619,audience-76
user-7621,audience-76
user-7623,audience-76
user-7627,audience-76
user-7637,audience-76
user-7654,audience-76
user-7655,audience-76
user-7658,audience-76
user-7679,audience-76
user-7680,audience-76
user-7699,audience-76
user-7704,audience-77
user-7706,audience-77
user-7714,audience-77
user-7715,audience-77
user-7721,audience-77
user-7722,audience-77
user-7724,audience-77
user-7727,audience-77
user-7729,audience-77
user-7740,audience-77
user-7742,audience-77
user-7744,audience-77
user-7746,audience-77
user-7748,audience-77
user-7749,audience-77
user-7750,audience-77
user-7751,audience-77
user-7756,audience-77
user-7759,audience-77
user-7769,audience-77
user-7775,audience-77
user-7776,audience-77
user-7783,audience-77
user-7784,audience-77
user-7788,audience-77
user-7790,audience-77
user-7791,audience-77
user-7797,audience-77
user-7800,audience-78
user-7801,audience-78
user-7802,audience-78
user-7804,audience-78
user-7808,audience-78
user-7809,audience-78
user-7811,audience-78
user-7817,audience-78
user-7819,audience-78
user-7820,audience-78
user-7824,audience-78
user-7827,audience-78
user-7828,audience-78
user-7829,audience-78
user-7830,audience-78
user-7836,audience-78
user-7840,audience-78
user-7842,audience-78
user-7845,audience-78
user-7847,audience-78
user-7848,audience-78
user-7849,audience-78
user-7850,audience-78
user-7859,audience-78
user-7863,audience-78
user-7867,audience-78
user-7871,audience-78
user-7874,audience-78
user-7880,audience-78
user-7883,audience-78
user-7890,audience-78
user-7892,audience-78
user-7896,audience-78
user-7906,audience-79
user-7909,audience-79
user-7915,audience-79
user-7916,audience-79
user-7918,audience-79
user-7935,audience-79
user-7952,audience-79
user-7953,audience-79
user-7956,audience-79
user-7958,audience-79
user-7964,audience-79
user-7967,audience-79
user-7978,audience-79
user-7979,audience-79
user-7980,audience-79
user-7982,audience-79
user-7983,audience-79
user-7986,audience-79
user-7991,audience-79
user-7995,audience-79
user-7999,audience-79
user-8007,audience-80
user-8008,audience-80
user-8018,audience-80
user-8022,audience-80
user-8023,audience-80
user-8025,audience-80
user-8031,audience-80
user-8032,audience-80
user-8041,audience-80
user-8044,audience-80
user-8046,audience-80
user-8065,audience-80
user-8072,audience-80
user-8073,audience-80
user-8083,audience-80
user-8085,audience-80
user-8087,audience-80
user-8091,audience-80
user-8092,audience-80
user-8095,audience-80
user-8098,audience-80
user-8102,audience-81
user-8103,audience-81
user-8106,audience-81
user-8115,audience-81
user-8122,audience-81
user-8125,audience-81
user-8130,audience-81
user-8138,audience-81
user-8139,audience-81
user-8141,audience-81
user-8143,audience-81
user-8151,audience-81
user-8153,audience-81
user-8154,audience-81
user-8157,audience-81
user-8159,audience-81
user-8160,audience-81
user-8163,audience-81
user-8167,audience-81
user-8171,audience-81
user-8173,audience-81
user-8175,audience-81
user-8176,audience-81
user-8178,audience-81
user-8186,audience-81
user-8188,audience-81
user-8192,audience-81
user-8194,audience-81
user-8201,audience-82
user-8210,audience-82
user-8214,audience-82
user-8216,audience-82
user-8217,audience-82
user-8219,audience-82
user-8224,audience-82
user-8225,audience-82
user-8226,audience-82
user-8229,audience-82
user-8230,audience-82
user-8236,audience-82
user-8237,audience-82
user-8240,audience-82
user-8241,audience-82
user-8244,audience-82
user-8253,audience-82
user-8255,audience-82
user-8257,audience-82
user-8259,audience-82
user-8263,audience-82
user-8265,audience-82
user-8267,audience-82
user-8269,audience-82
user-8271,audience-82
user-8274,audience-82
user-8283,audience-82
user-8286,audience-82
user-8291,audience-82
user-8303,audience-83
user-8307,audience-83
user-8311,audience-83
user-8314,audience-83
user-8318,audience-83
user-8321,audience-83
user-8330,audience-83
user-8339,audience-83
user-8342,audience-83
user-8348,audience-83
user-8351,audience-83
user-8354,audience-83
user-8355,audience-83
user-8356,audience-83
user-8358,audience-83
user-8360,audience-83
user-8361,audience-83
user-8369,audience-83
user-8378,audience-83
user-8387,audience-83
user-8398,audience-83
user-8399,audience-83
user-8402,audience-84
user-8406,audience-84
user-8410,audience-84
user-8422,audience-84
user-8423,audience-84
user-8425,audience-84
user-8427,audience-84
user-8433,audience-84
user-8438,audience-84
user-8440,audience-84
user-8442,audience-84
user-8447,audience-84
user-8448,audience-84
user-8449,audience-84
user-8450,audience-84
user-8452,audience-84
user-8458,audience-84
user-8459,audience-84
user-8460,audience-84
user-8466,audience-84
user-8469,audience-84
user-8473,audience-84
user-8478,audience-84
user-8480,audience-84
user-8481,audience-84
user-8484,audience-84
user-8486,audience-84
user-8487,audience-84
user-8494,audience-84
user-8499,audience-84
user-8502,audience-85
user-8513,audience-85
user-8519,audience-85
user-8521,audience-85
user-8522,audience-85
user-8526,audience-85
user-8530,audience-85
user-8531,audience-85
user-8532,audience-85
user-8535,audience-85
user-8538,audience-85
user-8539,audience-85
user-8542,audience-85
user-8543,audience-85
user-8544,audience-85
user-8546,audience-85
user-8550,audience-85
user-8558,audience-85
user-8559,audience-85
user-8561,audience-85
user-8562,audience-85
user-8566,audience-85
user-8567,audience-85
user-8569,audience-85
user-8579,audience-85
user-8580,audience-85
user-8584,audience-85
user-8586,audience-85
user-8587,audience-85
user-8588,audience-85
user-8589,audience-85
user-8591,audience-85
user-8593,audience-85
user-8608,audience-86
user-8613,audience-86
user-8618,audience-86
user-8620,audience-86
user-8630,audience-86
user-8633,audience-86
user-8638,audience-86
user-8654,audience-86
user-8661,audience-86
user-8662,audience-86
user-8663,audience-86
user-8664,audience-86
user-8665,audience-86
user-8666,audience-86
user-8667,audience-86
user-8670,audience-86
user-8671,audience-86
user-8682,audience-86
user-8690,audience-86
user-8696,audience-86
user-8698,audience-86
user-8700,audience-87
user-8701,audience-87
user-8703,audience-87
user-8709,audience-87
user-8715,audience-87
user-8716,audience-87
user-8718,audience-87
user-8724,audience-87
user-8735,audience-87
user-8737,audience-87
user-8742,audience-87
user-8744,audience-87
user-8749,audience-87
user-8753,audience-87
user-8763,audience-87
user-8765,audience-87
user-8768,audience-87
user-8771,audience-87
user-8776,audience-87
user-8777,audience-87
user-8778,audience-87
user-8780,audience-87
user-8782,audience-87
user-8783,audience-87
user-8784,audience-87
user-8792,audience-87
user-8801,audience-88
user-8804,audience-88
user-8806,audience-88
user-8808,audience-88
user-8817,audience-88
user-8823,audience-88
user-8826,audience-88
user-8828,audience-88
user-8829,audience-88
user-8830,audience-88
user-8832,audience-88
user-8833,audience-88
user-8839,audience-88
user-8842,audience-88
user-8843,audience-88
user-8844,audience-88
user-8845,audience-88
user-8846,audience-88
user-8849,audience-88
user-8850,audience-88
user-8851,audience-88
user-8853,audience-88
user-8859,audience-88
user-8867,audience-88
user-8872,audience-88
user-8873,audience-88
user-8876,audience-88
user-8879,audience-88
user-8881,audience-88
user-8883,audience-88
user-8885,audience-88
user-8892,audience-88
user-8894,audience-88
user-8895,audience-88
user-8899,audience-88
user-8905,audience-89
user-8921,audience-89
user-8924,audience-89
user-8927,audience-89
user-8928,audience-89
user-8933,audience-89
user-8944,audience-89
user-8961,audience-89
user-8966,audience-89
user-8972,audience-89
user-8975,audience-89
user-8979,audience-89
user-8984,audience-89
user-8986,audience-89
user-8990,audience-89
user-8991,audience-89
user-8992,audience-89
user-8993,audience-89
user-8996,audience-89
user-8997,audience-89
user-9002,audience-90
user-9005,audience-90
user-9013,audience-90
user-9018,audience-90
user-9019,audience-90
user-9026,audience-90
user-9027,audience-90
user-9028,audience-90
user-9033,audience-90
user-9041,audience-90
user-9042,audience-90
user-9043,audience-90
user-9049,audience-90
user-9050,audience-90
user-9060,audience-90
user-9061,audience-90
user-9066,audience-90
user-9068,audience-90
user-9071,audience-90
user-9072,audience-90
user-9074,audience-90
user-9076,audience-90
user-9084,audience-90
user-9087,audience-90
user-9088,audience-90
user-9091,audience-90
user-9092,audience-90
user-9097,audience-90
user-9101,audience-91
user-9109,audience-91
user-9114,audience-91
user-9115,audience-91
user-9118,audience-91
user-9124,audience-91
user-9125,audience-91
user-9136,audience-91
user-9139,audience-91
user-9140,audience-91
user-9146,audience-91
user-9147,audience-91
user-9149,audience-91
user-9158,audience-91
user-9160,audience-91
user-9161,audience-91
user-9165,audience-91
user-9167,audience-91
user-9171,audience-91
user-9178,audience-91
user-9180,audience-91
user-9183,audience-91
user-9192,audience-91
user-9203,audience-92
user-9213,audience-92
user-9222,audience-92
user-9229,audience-92
user-9233,audience-92
user-9235,audience-92
user-9237,audience-92
user-9240,audience-92
user-9246,audience-92
user-9250,audience-92
user-9261,audience-92
user-9269,audience-92
user-9270,audience-92
user-9273,audience-92
user-9296,audience-92
user-9299,audience-92
user-9300,audience-93
user-9304,audience-93
user-9306,audience-93
user-9307,audience-93
user-9312,audience-93
user-9314,audience-93
user-9316,audience-93
user-9320,audience-93
user-9323,audience-93
user-9328,audience-93
user-9336,audience-93
user-9340,audience-93
user-9341,audience-93
user-9349,audience-93
user-9353,audience-93
user-9355,audience-93
user-9357,audience-93
user-9361,audience-93
user-9363,audience-93
user-9367,audience-93
user-9371,audience-93
user-9373,audience-93
user-9381,audience-93
user-9384,audience-93
user-9390,audience-93
user-9419,audience-94
user-9428,audience-94
user-9429,audience-94
user-9439,audience-94
user-9445,audience-94
user-9446,audience-94
user-9453,audience-94
user-9457,audience-94
user-9458,audience-94
user-9461,audience-94
user-9464,audience-94
user-9465,audience-94
user-9469,audience-94
user-9471,audience-94
user-9472,audience-94
user-9473,audience-94
user-9481,audience-94
user-9482,audience-94
user-9483,audience-94
user-9485,audience-94
user-9486,audience-94
user-9488,audience-94
user-9491,audience-94
user-9492,audience-94
user-9494,audience-94
user-9498,audience-94
user-9499,audience-94
user-9502,audience-95
user-9504,audience-95
user-9510,audience-95
user-9512,audience-95
user-9515,audience-95
user-9521,audience-95
user-9525,audience-95
user-9527,audience-95
user-9529,audience-95
user-9530,audience-95
user-9538,audience-95
user-9540,audience-95
user-9547,audience-95
user-9553,audience-95
user-9558,audience-95
user-9567,audience-95
user-9569,audience-95
user-9576,audience-95
user-9578,audience-95
user-9579,audience-95
user-9581,audience-95
user-9582,audience-95
user-9583,audience-95
user-9585,audience-95
user-9586,audience-95
user-9587,audience-95
user-9591,audience-95
user-9593,audience-95
user-9595,audience-95
user-9599,audience-95
user-9602,audience-96
user-9604,audience-96
user-9605,audience-96
user-9613,audience-96
user-9619,audience-96
user-9624,audience-96
user-9644,audience-96
user-9648,audience-96
user-9653,audience-96
user-9658,audience-96
user-9659,audience-96
user-9666,audience-96
user-9669,audience-96
user-9674,audience-96
user-9675,audience-96
user-9681,audience-96
user-9683,audience-96
user-9688,audience-96
user-9689,audience-96
user-9690,audience-96
user-9694,audience-96
user-9695,audience-96
user-9696,audience-96
user-9699,audience-96
user-9707,audience-97
user-9711,audience-97
user-9713,audience-97
user-9714,audience-97
user-9720,audience-97
user-9722,audience-97
user-9724,audience-97
user-9732,audience-97
user-9733,audience-97
user-9744,audience-97
user-9745,audience-97
user-9749,audience-97
user-9750,audience-97
user-9753,audience-97
user-9755,audience-97
user-9756,audience-97
user-9759,audience-97
user-9761,audience-97
user-9763,audience-97
user-9769,audience-97
user-9774,audience-97
user-9777,audience-97
user-9778,audience-97
user-9782,audience-97
user-9791,audience-97
user-9803,audience-98
user-9807,audience-98
user-9811,audience-98
user-9817,audience-98
user-9818,audience-98
user-9820,audience-98
user-9825,audience-98
user-9840,audience-98
user-9846,audience-98
user-9847,audience-98
user-9849,audience-98
user-9852,audience-98
user-9853,audience-98
user-9854,audience-98
user-9864,audience-98
user-9865,audience-98
user-9866,audience-98
user-9871,audience-98
user-9879,audience-98
user-9886,audience-98
user-9898,audience-98
user-9899,audience-98
user-9908,audience-99
user-9909,audience-99
user-9911,audience-99
user-9919,audience-99
user-9921,audience-99
user-9923,audience-99
user-9924,audience-99
user-9927,audience-99
user-9930,audience-99
user-9931,audience-99
user-9932,audience-99
user-9936,audience-99
user-9940,audience-99
user-9941,audience-99
user-9944,audience-99
user-9948,audience-99
user-9956,audience-99
user-9961,audience-99
user-9962,audience-99
user-9967,audience-99
user-9970,audience-99
user-9985,audience-99
user-9990,audience-99
user-9993,audience-99